id,uuid,title,summary,raw_text,story_mode,canon_status,universe_id,created_at
1,sty_f9fc03a2b3cf4c02822f0c4302ccce18,Battle of Celestials vs Raven,,,canon,canon,1,2026-06-21 09:04:19.790844
2,sty_daebb1bb1bfd4fdbaf537c99dc8635b0,The War Between Celestials,"In the depths of the multiverse, a war had been brewing between the creatures of hell and the celestial beings known as the Celetials. The air was filled with an eerie silence, as if the very fabric of reality was holding its breath in anticipation of the impending conflict.

Numerican, a being of i","In the depths of the multiverse, a war had been brewing between the creatures of hell and the celestial beings known as the Celetials. The air was filled with an eerie silence, as if the very fabric of reality was holding its breath in anticipation of the impending conflict.

Numerican, a being of immense power and wisdom, stood at the forefront of the Celetial army. His eyes gleamed with a fierce determination as he gazed out upon the gathering forces of hell. By his side stood dd, a skilled warrior with unmatched martial prowess, and ddd, a cunning strategist who had a knack for turning the tide of battle in their favor.

The Dark Hold, a foreboding fortress built upon a rocky outcropping of twisted magma, loomed in the distance. It was here that the creatures of hell had chosen to make their stand, and it was here that the final battle would soon take place.

As the Celetial army approached, a horde of daemonic creatures poured out of the Dark Hold's gates. They were twisted and corrupted, their bodies warped by the very essence of hell itself. The Celetials charged forward, their shimmering armor and radiant auras shining brightly as they clashed with the daemons.

Numerican led the charge, his sword flashing through the chaos as he cut down daemon after daemon. dd and ddd fought alongside him, their movements a blur of steel and strategy as they carved a path through the enemy ranks.

But the creatures of hell would not be easily defeated. They launched wave after wave of daemons at the Celetial army, each one more ferocious and relentless than the last. The battle raged on for what seemed like an eternity, the outcome hanging precariously in the balance.

As the fight intensified, the very fabric of reality began to tear apart. Celestial energies clashed with the dark essence of hell, producing brilliant bolts of energy that shot across the battlefield like lightning. numerical, dd, and ddd found themselves standing at the epicenter of the conflict, their powers surging as they fought to hold back the tide of hell.

Despite their valiant efforts, the Celetial army was beginning to falter. The daemons seemed endless, and the Celetials were starting to tire. But then, something unexpected happened. The Council, a group of powerful beings who had long maintained balance in the multiverse, appeared on the scene.

With a wave of their hands, the Council imbued the Celetials with a surge of fresh energy. The army rallied, their movements renewed with a newfound sense of hope. Numerican, dd, and ddd led the charge once more, their sword slices and spells cutting down daemon after daemon.

The tide of battle turned, and the creatures of hell began to falter. Their numbers dwindled, and their resolve weakened. In the end, it was Numerican who stood victorious, his sword raised high as the Daemons of hell lay defeated at his feet.

The War Between Celestials was at an end, and the multiverse was forever changed. The balance of power had shifted, and the creatures of hell would never again pose a threat to the Celetials. As for Numerican, he had proven himself a hero of the highest order, his name etched into the annals of history as a champion of the multiverse.",canon,canon,1,2026-06-21 15:16:46.894855
